{
    "ct_cases": {
        "total": 103,
        "with_tumor": 103,
        "train": {
            "total": 70
        },
        "val": {
            "total": 15
        },
        "test": {
            "total": 18
        }
    },
    "mri_cases": {
        "total": 60,
        "with_tumor": 60,
        "train": {
            "total": 42
        },
        "val": {
            "total": 9
        },
        "test": {
            "total": 9
        }
    },
    "complexity": {
        "ct": {
            "train": {
                "overall_mean": 2.1207890803091622,
                "liver_mean": 2.4910048000000002,
                "tumor_mean": 1.9356812204637435
            },
            "val": {
                "overall_mean": 2.387101862683971,
                "liver_mean": 2.9029554666666666,
                "tumor_mean": 2.129175060692623
            },
            "test": {
                "overall_mean": 2.4297514401752323,
                "liver_mean": 2.9166666666666665,
                "tumor_mean": 2.186293826929515
            }
        },
        "mri": {
            "train": {
                "overall_mean": 2.382151266961453,
                "liver_mean": 2.876156090720129,
                "tumor_mean": 2.135148855082115
            },
            "val": {
                "overall_mean": 2.571485175589113,
                "liver_mean": 2.9915652458888378,
                "tumor_mean": 2.361445140439251
            },
            "test": {
                "overall_mean": 2.6441531284351236,
                "liver_mean": 3.0,
                "tumor_mean": 2.4662296926526857
            }
        }
    }
}